,RK,NAME,TEAM,SALARY,Year
0,1,Stephen Curry,Golden State Warriors,"$37,457,154",2019
1,2,Chris Paul,Houston Rockets,"$35,654,150",2019
2,3,LeBron James,Los Angeles Lakers,"$35,654,150",2019
3,4,Russell Westbrook,Oklahoma City Thunder,"$35,654,150",2019
4,5,Blake Griffin,Detroit Pistons,"$32,088,932",2019
5,6,Gordon Hayward,Boston Celtics,"$31,214,295",2019
6,7,Kyle Lowry,Toronto Raptors,"$31,200,000",2019
7,8,Paul George,Oklahoma City Thunder,"$30,560,700",2019
8,9,Mike Conley,Memphis Grizzlies,"$30,521,115",2019
9,10,James Harden,Houston Rockets,"$30,421,854",2019
10,RK,NAME,TEAM,SALARY,2019
11,11,Kevin Durant,Golden State Warriors,"$30,000,000",2019
12,12,Paul Millsap,Denver Nuggets,"$29,230,769",2019
13,13,Al Horford,Boston Celtics,"$28,928,709",2019
14,14,Damian Lillard,Portland Trail Blazers,"$27,977,689",2019
15,15,DeMar DeRozan,San Antonio Spurs,"$27,739,975",2019
16,16,Otto Porter Jr.,Washington Wizards,"$26,011,913",2019
17,17,Jrue Holiday,New Orleans Pelicans,"$25,976,111",2019
18,18,CJ McCollum,Portland Trail Blazers,"$25,759,766",2019
19,19,Joel Embiid,Philadelphia 76ers,"$25,467,250",2019
20,20,Andrew Wiggins,Minnesota Timberwolves,"$25,467,250",2019
21,RK,NAME,TEAM,SALARY,2019
22,21,Bradley Beal,Washington Wizards,"$25,434,263",2019
23,22,Anthony Davis,New Orleans Pelicans,"$25,434,263",2019
24,23,Andre Drummond,Detroit Pistons,"$25,434,263",2019
25,24,Hassan Whiteside,Miami Heat,"$25,434,262",2019
26,25,Nikola Jokic,Denver Nuggets,"$24,605,181",2019
27,26,Steven Adams,Oklahoma City Thunder,"$24,157,303",2019
28,27,Giannis Antetokounmpo,Milwaukee Bucks,"$24,157,303",2019
29,28,Marc Gasol,Memphis Grizzlies,"$24,119,025",2019
30,29,Kevin Love,Cleveland Cavaliers,"$24,119,025",2019
31,30,Harrison Barnes,Sacramento Kings,"$24,107,258",2019
32,RK,NAME,TEAM,SALARY,2019
33,31,Chandler Parsons,Memphis Grizzlies,"$24,107,258",2019
34,32,Nicolas Batum,Charlotte Hornets,"$24,000,000",2019
35,33,Rudy Gobert,Utah Jazz,"$23,241,573",2019
36,34,Kawhi Leonard,Toronto Raptors,"$23,114,067",2019
37,35,DeAndre Jordan,New York Knicks,"$22,897,200",2019
38,36,LaMarcus Aldridge,San Antonio Spurs,"$22,347,015",2019
39,37,Serge Ibaka,Toronto Raptors,"$21,666,667",2019
40,38,Aaron Gordon,Orlando Magic,"$21,590,909",2019
41,39,Danilo Gallinari,LA Clippers,"$21,587,579",2019
42,40,Victor Oladipo,Indiana Pacers,"$21,000,000",2019
0,41,Jimmy Butler,Philadelphia 76ers,"$20,445,779",2019
1,42,Ryan Anderson,Phoenix Suns,"$20,421,546",2019
2,43,Kyrie Irving,Boston Celtics,"$20,099,189",2019
3,44,Jabari Parker,Washington Wizards,"$20,000,000",2019
4,45,Zach LaVine,Chicago Bulls,"$19,500,000",2019
5,46,Tyler Johnson,Phoenix Suns,"$19,356,932",2019
6,47,Tim Hardaway Jr.,New York Knicks,"$19,200,127",2019
7,48,John Wall,Washington Wizards,"$19,169,800",2019
8,49,George Hill,Milwaukee Bucks,"$19,000,000",2019
9,50,Jeff Teague,Minnesota Timberwolves,"$19,000,000",2019
10,RK,NAME,TEAM,SALARY,2019
11,51,Klay Thompson,Golden State Warriors,"$18,988,725",2019
12,52,Allen Crabbe,Brooklyn Nets,"$18,500,000",2019
13,53,Goran Dragic,Miami Heat,"$18,109,175",2019
14,54,Kent Bazemore,Atlanta Hawks,"$18,089,887",2019
15,55,Evan Turner,Portland Trail Blazers,"$17,868,853",2019
16,56,Draymond Green,Golden State Warriors,"$17,469,565",2019
17,57,Tristan Thompson,Cleveland Cavaliers,"$17,469,565",2019
18,58,Evan Fournier,Orlando Magic,"$17,150,000",2019
19,59,Reggie Jackson,Detroit Pistons,"$17,043,478",2019
20,60,Bismack Biyombo,Charlotte Hornets,"$17,000,000",2019
21,RK,NAME,TEAM,SALARY,2019
22,61,Derrick Favors,Utah Jazz,"$16,900,000",2019
23,62,Jonas Valanciunas,Memphis Grizzlies,"$16,539,326",2019
24,63,Gary Harris,Denver Nuggets,"$16,517,857",2019
25,64,Timofey Mozgov,Orlando Magic,"$16,000,000",2019
26,65,Andre Iguodala,Golden State Warriors,"$16,000,000",2019
27,66,Ian Mahinmi,Washington Wizards,"$15,944,154",2019
28,67,Dennis Schroder,Oklahoma City Thunder,"$15,500,000",2019
29,68,DeMarre Carroll,Brooklyn Nets,"$15,400,000",2019
30,69,Gorgui Dieng,Minnesota Timberwolves,"$15,170,787",2019
31,70,Trevor Ariza,Washington Wizards,"$15,000,000",2019
32,RK,NAME,TEAM,SALARY,2019
33,71,Eric Bledsoe,Milwaukee Bucks,"$15,000,000",2019
34,72,Ricky Rubio,Utah Jazz,"$14,975,000",2019
35,73,Tobias Harris,Philadelphia 76ers,"$14,800,000",2019
36,74,JR Smith,Cleveland Cavaliers,"$14,720,000",2019
37,75,James Johnson,Miami Heat,"$14,651,700",2019
38,76,Luke Babbitt,Miami Heat,"$14,651,700",2019
39,77,Brandon Knight,Houston Rockets,"$14,631,250",2019
40,78,Robin Lopez,Chicago Bulls,"$14,357,750",2019
41,79,Marvin Williams,Charlotte Hornets,"$14,087,500",2019
42,80,Taj Gibson,Minnesota Timberwolves,"$14,000,000",2019
0,81,Thaddeus Young,Indiana Pacers,"$13,964,045",2019
1,82,Clint Capela,Houston Rockets,"$13,793,104",2019
2,83,Marcin Gortat,LA Clippers,"$13,565,218",2019
3,84,Cody Zeller,Charlotte Hornets,"$13,528,090",2019
4,85,Eric Gordon,Houston Rockets,"$13,500,375",2019
5,86,Joe Ingles,Utah Jazz,"$13,045,455",2019
6,87,Khris Middleton,Milwaukee Bucks,"$13,000,000",2019
7,88,Michael Kidd-Gilchrist,Charlotte Hornets,"$13,000,000",2019
8,89,Mason Plumlee,Denver Nuggets,"$12,917,808",2019
9,90,Wilson Chandler,Philadelphia 76ers,"$12,800,562",2019
10,RK,NAME,TEAM,SALARY,2019
11,91,Nikola Vucevic,Orlando Magic,"$12,750,000",2019
12,92,Kelly Olynyk,Miami Heat,"$12,537,527",2019
13,93,Miles Plumlee,Atlanta Hawks,"$12,500,000",2019
14,94,Jordan Clarkson,Cleveland Cavaliers,"$12,500,000",2019
15,95,Nikola Mirotic,Milwaukee Bucks,"$12,500,000",2019
16,96,Tyreke Evans,Indiana Pacers,"$12,400,000",2019
17,97,Courtney Lee,New York Knicks,"$12,253,780",2019
18,98,Solomon Hill,New Orleans Pelicans,"$12,252,928",2019
19,99,JJ Redick,Philadelphia 76ers,"$12,250,000",2019
20,100,Avery Bradley,Memphis Grizzlies,"$12,000,000",2019
21,RK,NAME,TEAM,SALARY,2019
22,101,Kentavious Caldwell-Pope,Los Angeles Lakers,"$12,000,000",2019
23,102,Kemba Walker,Charlotte Hornets,"$12,000,000",2019
24,103,Will Barton,Denver Nuggets,"$11,830,358",2019
25,104,T.J. Warren,Phoenix Suns,"$11,750,000",2019
26,105,Zach Randolph,Dallas Mavericks,"$11,692,308",2019
27,106,Marcus Smart,Boston Celtics,"$11,660,716",2019
28,107,Patty Mills,San Antonio Spurs,"$11,571,429",2019
29,108,Dion Waiters,Miami Heat,"$11,550,000",2019
30,109,Alec Burks,Utah Jazz,"$11,536,515",2019
31,110,John Henson,Milwaukee Bucks,"$11,327,466",2019
32,RK,NAME,TEAM,SALARY,2019
33,111,Omer Asik,Chicago Bulls,"$11,286,516",2019
34,112,Jusuf Nurkic,Portland Trail Blazers,"$11,111,111",2019
35,113,Iman Shumpert,Sacramento Kings,"$11,011,234",2019
36,114,Maurice Harkless,Portland Trail Blazers,"$10,837,079",2019
37,115,Tony Snell,Milwaukee Bucks,"$10,807,143",2019
38,116,Meyers Leonard,Portland Trail Blazers,"$10,595,506",2019
39,117,Bojan Bogdanovic,Indiana Pacers,"$10,500,000",2019
40,118,Terrence Ross,Orlando Magic,"$10,500,000",2019
41,119,Robert Covington,Philadelphia 76ers,"$10,464,092",2019
42,120,Rudy Gay,San Antonio Spurs,"$10,087,200",2019
0,121,Jon Leuer,Detroit Pistons,"$10,002,681",2019
1,122,Andre Roberson,Oklahoma City Thunder,"$10,000,000",2019
2,123,Danny Green,Toronto Raptors,"$10,000,000",2019
3,124,Darren Collison,Indiana Pacers,"$10,000,000",2019
4,125,Dwight Powell,Dallas Mavericks,"$9,631,250",2019
5,126,Matthew Dellavedova,Milwaukee Bucks,"$9,607,500",2019
6,127,Dante Exum,Utah Jazz,"$9,600,000",2019
7,128,Jared Dudley,Brooklyn Nets,"$9,530,000",2019
8,129,Norman Powell,Toronto Raptors,"$9,367,200",2019
9,130,Josh Richardson,Miami Heat,"$9,367,200",2019
10,RK,NAME,TEAM,SALARY,2019
11,131,Bogdan Bogdanovic,Sacramento Kings,"$9,000,000",2019
12,132,Rajon Rondo,Los Angeles Lakers,"$9,000,000",2019
13,133,E'Twaun Moore,New Orleans Pelicans,"$8,808,685",2019
14,134,Cristiano Felicio,Chicago Bulls,"$8,740,980",2019
15,135,Kosta Koufos,Sacramento Kings,"$8,739,500",2019
16,136,Fred VanVleet,Toronto Raptors,"$8,653,847",2019
17,137,Jerami Grant,Oklahoma City Thunder,"$8,653,847",2019
18,138,Kyle Anderson,Memphis Grizzlies,"$8,641,000",2019
19,139,Julius Randle,New Orleans Pelicans,"$8,641,000",2019
20,140,Jerryd Bayless,Minnesota Timberwolves,"$8,575,916",2019
21,RK,NAME,TEAM,SALARY,2019
22,141,Markelle Fultz,Philadelphia 76ers,"$8,339,880",2019
23,142,C.J. Miles,Memphis Grizzlies,"$8,333,333",2019
24,143,Joe Harris,Brooklyn Nets,"$8,333,333",2019
25,144,Shaun Livingston,Golden State Warriors,"$8,307,692",2019
26,145,Deandre Ayton,Phoenix Suns,"$8,165,160",2019
27,146,Garrett Temple,Memphis Grizzlies,"$8,000,000",2019
28,147,Lou Williams,LA Clippers,"$8,000,000",2019
29,148,P.J. Tucker,Houston Rockets,"$7,969,537",2019
30,149,Cory Joseph,Indiana Pacers,"$7,945,000",2019
31,150,Karl-Anthony Towns,Minnesota Timberwolves,"$7,839,435",2019
32,RK,NAME,TEAM,SALARY,2019
33,151,JaMychal Green,Memphis Grizzlies,"$7,666,667",2019
34,152,Kyle Korver,Utah Jazz,"$7,560,000",2019
35,153,Jeremy Lamb,Charlotte Hornets,"$7,488,372",2019
36,154,Darrell Arthur,Phoenix Suns,"$7,464,912",2019
37,155,Lonzo Ball,Los Angeles Lakers,"$7,461,960",2019
38,156,Doug McDermott,Indiana Pacers,"$7,333,333",2019
39,157,Jae Crowder,Utah Jazz,"$7,305,825",2019
40,158,Marvin Bagley III,Sacramento Kings,"$7,305,600",2019
41,159,D.J. Augustin,Orlando Magic,"$7,250,000",2019
42,160,Dewayne Dedmon,Atlanta Hawks,"$7,200,000",2019
0,161,Lance Thomas,New York Knicks,"$7,119,650",2019
1,162,D'Angelo Russell,Brooklyn Nets,"$7,019,698",2019
2,163,Davis Bertans,San Antonio Spurs,"$7,000,000",2019
3,164,Ersan Ilyasova,Milwaukee Bucks,"$7,000,000",2019
4,165,Langston Galloway,Detroit Pistons,"$7,000,000",2019
5,166,Boban Marjanovic,Philadelphia 76ers,"$7,000,000",2019
6,167,Al-Farouq Aminu,Portland Trail Blazers,"$6,957,105",2019
7,168,Jayson Tatum,Boston Celtics,"$6,700,800",2019
8,169,Luka Doncic,Dallas Mavericks,"$6,560,640",2019
9,170,Nemanja Bjelica,Sacramento Kings,"$6,500,000",2019
10,RK,NAME,TEAM,SALARY,2019
11,171,Mario Hezonja,New York Knicks,"$6,500,000",2019
12,172,Ben Simmons,Philadelphia 76ers,"$6,434,520",2019
13,173,Milos Teodosic,LA Clippers,"$6,300,000",2019
14,174,Marco Belinelli,San Antonio Spurs,"$6,153,846",2019
15,175,Wesley Johnson,Washington Wizards,"$6,134,520",2019
16,176,Josh Jackson,Phoenix Suns,"$6,041,520",2019
17,177,Jonathon Simmons,Philadelphia 76ers,"$6,000,000",2019
18,178,Ish Smith,Detroit Pistons,"$6,000,000",2019
19,179,Montrezl Harrell,LA Clippers,"$6,000,000",2019
20,180,Jaren Jackson Jr.,Memphis Grizzlies,"$5,915,040",2019
21,RK,NAME,TEAM,SALARY,2019
22,181,Brandon Ingram,Los Angeles Lakers,"$5,757,120",2019
23,182,Kristaps Porzingis,Dallas Mavericks,"$5,697,054",2019
24,183,De'Aaron Fox,Sacramento Kings,"$5,470,920",2019
25,184,Ben McLemore,Sacramento Kings,"$5,460,000",2019
26,185,Alex Abrines,Oklahoma City Thunder,"$5,455,236",2019
27,186,Patrick Patterson,Oklahoma City Thunder,"$5,451,600",2019
28,187,Jason Smith,Washington Wizards,"$5,450,000",2019
29,188,Marcus Morris Sr.,Boston Celtics,"$5,375,000",2019
30,189,Trae Young,Atlanta Hawks,"$5,356,440",2019
31,190,DeMarcus Cousins,Golden State Warriors,"$5,337,000",2019
32,RK,NAME,TEAM,SALARY,2019
33,191,Dwight Howard,Washington Wizards,"$5,337,000",2019
34,192,Alexis Ajinca,LA Clippers,"$5,285,394",2019
35,193,Thabo Sefolosha,Utah Jazz,"$5,250,000",2019
36,194,Aron Baynes,Boston Celtics,"$5,193,600",2019
37,195,Jaylen Brown,Boston Celtics,"$5,169,960",2019
38,196,Patrick Beverley,LA Clippers,"$5,027,028",2019
39,197,Tony Parker,Charlotte Hornets,"$5,000,000",2019
40,198,Mike Muscala,Philadelphia 76ers,"$5,000,000",2019
41,199,Alan Williams,Brooklyn Nets,"$5,000,000",2019
42,200,Dirk Nowitzki,Dallas Mavericks,"$5,000,000",2019
0,201,Kyle Singler,Oklahoma City Thunder,"$4,996,000",2019
1,202,Jonathan Isaac,Orlando Magic,"$4,969,080",2019
2,203,Mo Bamba,Orlando Magic,"$4,865,040",2019
3,204,Anthony Tolliver,Minnesota Timberwolves,"$4,750,000",2019
4,205,Willie Cauley-Stein,Sacramento Kings,"$4,696,875",2019
5,206,Dragan Bender,Phoenix Suns,"$4,661,280",2019
6,207,Lauri Markkanen,Chicago Bulls,"$4,536,120",2019
7,208,Ed Davis,Brooklyn Nets,"$4,449,000",2019
8,209,Kyle O'Quinn,Indiana Pacers,"$4,449,000",2019
9,210,Lance Stephenson,Los Angeles Lakers,"$4,449,000",2019
10,RK,NAME,TEAM,SALARY,2019
11,211,Wendell Carter Jr.,Chicago Bulls,"$4,441,200",2019
12,212,Justin Holiday,Memphis Grizzlies,"$4,384,616",2019
13,213,Alex Len,Atlanta Hawks,"$4,350,000",2019
14,214,Mike Scott,Philadelphia 76ers,"$4,320,500",2019
15,215,Luc Mbah a Moute,LA Clippers,"$4,320,500",2019
16,216,Emmanuel Mudiay,New York Knicks,"$4,294,480",2019
17,217,Kris Dunn,Chicago Bulls,"$4,221,000",2019
18,218,Frank Ntilikina,New York Knicks,"$4,155,720",2019
19,219,Glenn Robinson III,Detroit Pistons,"$4,075,000",2019
20,220,Collin Sexton,Cleveland Cavaliers,"$4,068,600",2019
21,RK,NAME,TEAM,SALARY,2019
22,221,Stanley Johnson,Detroit Pistons,"$3,940,402",2019
23,222,Buddy Hield,Sacramento Kings,"$3,844,760",2019
24,223,Dennis Smith Jr.,New York Knicks,"$3,819,960",2019
25,224,Kevin Knox II,New York Knicks,"$3,739,920",2019
26,225,J.J. Barea,Dallas Mavericks,"$3,710,850",2019
27,226,Nene Hilario,Houston Rockets,"$3,651,480",2019
28,227,Zach Collins,Portland Trail Blazers,"$3,628,920",2019
29,228,Frank Kaminsky,Charlotte Hornets,"$3,627,842",2019
30,229,Mikal Bridges,Phoenix Suns,"$3,552,960",2019
31,230,Michael Beasley,Los Angeles Lakers,"$3,500,000",2019
32,RK,NAME,TEAM,SALARY,2019
33,231,Jamal Murray,Denver Nuggets,"$3,499,800",2019
34,232,Rodney Hood,Portland Trail Blazers,"$3,472,887",2019
35,233,Jodie Meeks,Toronto Raptors,"$3,454,500",2019
36,234,Justise Winslow,Miami Heat,"$3,448,926",2019
37,235,Malik Monk,Charlotte Hornets,"$3,447,480",2019
38,236,Myles Turner,Indiana Pacers,"$3,410,284",2019
39,237,Allonzo Trier,New York Knicks,"$3,382,000",2019
40,238,Brook Lopez,Milwaukee Bucks,"$3,382,000",2019
41,239,Shai Gilgeous-Alexander,LA Clippers,"$3,375,360",2019
42,240,Trey Lyles,Denver Nuggets,"$3,364,249",2019
0,241,Ekpe Udoh,Utah Jazz,"$3,360,000",2019
1,242,Devin Booker,Phoenix Suns,"$3,314,365",2019
2,243,Luke Kennard,Detroit Pistons,"$3,275,280",2019
3,244,Cameron Payne,Cleveland Cavaliers,"$3,263,294",2019
4,245,Troy Daniels,Phoenix Suns,"$3,258,539",2019
5,246,Kelly Oubre Jr.,Washington Wizards,"$3,208,630",2019
6,247,Miles Bridges,Charlotte Hornets,"$3,206,640",2019
7,248,Marquese Chriss,Houston Rockets,"$3,206,160",2019
8,249,Tomas Satoransky,Washington Wizards,"$3,129,187",2019
9,250,Bryn Forbes,San Antonio Spurs,"$3,125,000",2019
10,RK,NAME,TEAM,SALARY,2019
11,251,Donovan Mitchell,Utah Jazz,"$3,111,480",2019
12,252,Terry Rozier,Boston Celtics,"$3,050,390",2019
13,253,Jerome Robinson,LA Clippers,"$3,046,200",2019
14,254,Yogi Ferrell,Sacramento Kings,"$3,000,000",2019
15,255,Elfrid Payton,New Orleans Pelicans,"$3,000,000",2019
16,256,Bam Adebayo,Miami Heat,"$2,955,840",2019
17,257,Jakob Poeltl,San Antonio Spurs,"$2,947,320",2019
18,258,Michael Porter Jr.,Denver Nuggets,"$2,894,160",2019
19,259,Justin Jackson,Sacramento Kings,"$2,807,880",2019
20,260,Thon Maker,Milwaukee Bucks,"$2,799,720",2019
21,RK,NAME,TEAM,SALARY,2019
22,261,Seth Curry,Portland Trail Blazers,"$2,795,000",2019
23,262,Cedi Osman,Cleveland Cavaliers,"$2,775,000",2019
24,263,Sam Dekker,Washington Wizards,"$2,760,095",2019
25,264,Troy Brown Jr.,Washington Wizards,"$2,749,080",2019
26,265,Justin Patton,Philadelphia 76ers,"$2,667,600",2019
27,266,Guerschon Yabusele,Boston Celtics,"$2,667,600",2019
28,267,Domantas Sabonis,Indiana Pacers,"$2,659,800",2019
29,268,Jerian Grant,Orlando Magic,"$2,639,314",2019
30,269,Delon Wright,Memphis Grizzlies,"$2,536,898",2019
31,270,D.J. Wilson,Milwaukee Bucks,"$2,534,280",2019
32,RK,NAME,TEAM,SALARY,2019
33,271,Dario Saric,Philadelphia 76ers,"$2,526,840",2019
34,272,Zhaire Smith,Philadelphia 76ers,"$2,526,840",2019
35,273,Taurean Prince,Atlanta Hawks,"$2,526,840",2019
36,274,Justin Anderson,Atlanta Hawks,"$2,516,048",2019
37,275,Manu Ginobili,San Antonio Spurs,"$2,500,000",2019
38,276,Reggie Bullock,Los Angeles Lakers,"$2,500,000",2019
39,277,Bobby Portis,Washington Wizards,"$2,494,346",2019
40,278,Dante Cunningham,San Antonio Spurs,"$2,487,000",2019
41,279,Donte DiVincenzo,Milwaukee Bucks,"$2,481,000",2019
42,280,Rondae Hollis-Jefferson,Brooklyn Nets,"$2,470,357",2019
0,281,Emeka Okafor,Philadelphia 76ers,"$2,445,085",2019
1,282,Kendrick Perkins,Cleveland Cavaliers,"$2,445,085",2019
2,283,Tyus Jones,Minnesota Timberwolves,"$2,444,053",2019
3,284,Jarell Martin,Orlando Magic,"$2,416,222",2019
4,285,T.J. Leaf,Indiana Pacers,"$2,407,560",2019
5,286,Wayne Ellington,Miami Heat,"$2,383,076",2019
6,287,Lonnie Walker IV,San Antonio Spurs,"$2,357,160",2019
7,288,John Collins,Atlanta Hawks,"$2,299,080",2019
8,289,Denzel Valentine,Chicago Bulls,"$2,280,600",2019
9,290,Larry Nance Jr.,Cleveland Cavaliers,"$2,272,391",2019
10,RK,NAME,TEAM,SALARY,2019
11,291,Kevin Huerter,Atlanta Hawks,"$2,250,960",2019
12,292,Brandon Jennings,Milwaukee Bucks,"$2,222,803",2019
13,293,Harry Giles III,Sacramento Kings,"$2,207,040",2019
14,294,Darius Miller,New Orleans Pelicans,"$2,205,000",2019
15,295,Juan Hernangomez,Denver Nuggets,"$2,166,360",2019
16,296,Josh Okogie,Minnesota Timberwolves,"$2,160,720",2019
17,297,Raul Neto,Utah Jazz,"$2,150,000",2019
18,298,Terrance Ferguson,Oklahoma City Thunder,"$2,118,840",2019
19,299,Grayson Allen,Utah Jazz,"$2,074,320",2019
20,300,Sean Kilpatrick,Chicago Bulls,"$2,054,856",2019
21,RK,NAME,TEAM,SALARY,2019
22,301,OG Anunoby,Toronto Raptors,"$2,034,120",2019
23,302,Jarrett Allen,Brooklyn Nets,"$2,034,120",2019
24,303,Corey Brewer,Sacramento Kings,"$2,000,000",2019
25,304,Torrey Craig,Denver Nuggets,"$2,000,000",2019
26,305,Chandler Hutchison,Chicago Bulls,"$1,990,520",2019
27,306,Ante Zizic,Cleveland Cavaliers,"$1,952,760",2019
28,307,Shabazz Napier,Brooklyn Nets,"$1,942,422",2019
29,308,Aaron Holiday,Indiana Pacers,"$1,911,960",2019
30,309,Tyler Lydon,Denver Nuggets,"$1,874,640",2019
31,310,Trey Burke,New York Knicks,"$1,795,015",2019
32,RK,NAME,TEAM,SALARY,2019
33,311,DeAndre Liggins,Miami Heat,"$1,795,015",2019
34,312,Malik Beasley,Denver Nuggets,"$1,773,840",2019
35,313,Moritz Wagner,Los Angeles Lakers,"$1,762,080",2019
36,314,Anfernee Simons,Portland Trail Blazers,"$1,760,520",2019
37,315,Nerlens Noel,Oklahoma City Thunder,"$1,757,429",2019
38,316,Caleb Swanigan,Sacramento Kings,"$1,740,000",2019
39,317,Furkan Korkmaz,Philadelphia 76ers,"$1,740,000",2019
40,318,Landry Shamet,Philadelphia 76ers,"$1,703,649",2019
41,319,Caris LeVert,Brooklyn Nets,"$1,702,800",2019
42,320,Jonah Bolden,Philadelphia 76ers,"$1,690,000",2019
0,321,Kyle Kuzma,Los Angeles Lakers,"$1,689,840",2019
1,322,Tony Bradley,Utah Jazz,"$1,679,520",2019
2,323,Derrick White,San Antonio Spurs,"$1,667,160",2019
3,324,Spencer Dinwiddie,Brooklyn Nets,"$1,656,092",2019
4,325,MarShon Brooks,Memphis Grizzlies,"$1,656,092",2019
5,326,Julyan Stone,Chicago Bulls,"$1,656,092",2019
6,327,Josh Hart,Los Angeles Lakers,"$1,655,160",2019
7,328,Robert Williams III,Boston Celtics,"$1,654,440",2019
8,329,Jacob Evans,Golden State Warriors,"$1,644,240",2019
9,330,Pat Connaughton,Milwaukee Bucks,"$1,641,000",2019
10,RK,NAME,TEAM,SALARY,2019
11,331,DeAndre' Bembry,Atlanta Hawks,"$1,634,640",2019
12,332,Dzanan Musa,Brooklyn Nets,"$1,632,240",2019
13,333,James Ennis III,Philadelphia 76ers,"$1,621,415",2019
14,334,Omari Spellman,Atlanta Hawks,"$1,620,480",2019
15,335,Luke Kornet,New York Knicks,"$1,619,260",2019
16,336,Rodions Kurucs,Brooklyn Nets,"$1,618,320",2019
17,337,Richaun Holmes,Phoenix Suns,"$1,600,520",2019
18,338,T.J. McConnell,Philadelphia 76ers,"$1,600,520",2019
19,339,Dwight Buycks,Detroit Pistons,"$1,600,520",2019
20,340,Malachi Richardson,Toronto Raptors,"$1,569,360",2019
21,RK,NAME,TEAM,SALARY,2019
22,341,Jahlil Okafor,New Orleans Pelicans,"$1,567,707",2019
23,342,Willy Hernangomez,Charlotte Hornets,"$1,544,951",2019
24,343,Pascal Siakam,Toronto Raptors,"$1,544,951",2019
25,344,Dejounte Murray,San Antonio Spurs,"$1,544,951",2019
26,345,Georgios Papagiannis,Portland Trail Blazers,"$1,544,951",2019
27,346,Chinanu Onuaku,Portland Trail Blazers,"$1,544,951",2019
28,347,Cheick Diallo,New Orleans Pelicans,"$1,544,951",2019
29,348,Timothe Luwawu-Cabarrot,Oklahoma City Thunder,"$1,544,951",2019
30,349,Jake Layman,Portland Trail Blazers,"$1,544,951",2019
31,350,Quinn Cook,Golden State Warriors,"$1,544,951",2019
32,RK,NAME,TEAM,SALARY,2019
33,351,Ivica Zubac,Los Angeles Lakers,"$1,544,951",2019
34,352,Rodney McGruder,Miami Heat,"$1,544,951",2019
35,353,Wade Baldwin IV,Portland Trail Blazers,"$1,544,951",2019
36,354,Malcolm Brogdon,Milwaukee Bucks,"$1,544,951",2019
37,355,Andrew Harrison,Memphis Grizzlies,"$1,544,951",2019
38,356,Dorian Finney-Smith,Dallas Mavericks,"$1,544,951",2019
39,357,Wayne Selden,Memphis Grizzlies,"$1,544,951",2019
40,358,Paul Zipser,Chicago Bulls,"$1,544,951",2019
41,359,Damian Jones,Golden State Warriors,"$1,544,951",2019
42,360,Skal Labissiere,Sacramento Kings,"$1,544,951",2019
0,361,Alex Poythress,Atlanta Hawks,"$1,544,951",2019
1,362,Shelvin Mack,Charlotte Hornets,"$1,512,601",2019
2,363,Omri Casspi,Memphis Grizzlies,"$1,512,601",2019
3,364,Georges Niang,Utah Jazz,"$1,512,601",2019
4,365,Raymond Felton,Oklahoma City Thunder,"$1,512,601",2019
5,366,Quincy Pondexter,San Antonio Spurs,"$1,512,601",2019
6,367,Troy Williams,Sacramento Kings,"$1,512,601",2019
7,368,Carmelo Anthony,Houston Rockets,"$1,512,601",2019
8,369,Jamal Crawford,Phoenix Suns,"$1,512,601",2019
9,370,Amir Johnson,Philadelphia 76ers,"$1,512,601",2019
10,RK,NAME,TEAM,SALARY,2019
11,371,David Nwaba,Cleveland Cavaliers,"$1,512,601",2019
12,372,Luol Deng,Minnesota Timberwolves,"$1,512,601",2019
13,373,Isaiah Canaan,Phoenix Suns,"$1,512,601",2019
14,374,Dwyane Wade,Miami Heat,"$1,512,601",2019
15,375,Derrick Jones Jr.,Miami Heat,"$1,512,601",2019
16,376,Udonis Haslem,Miami Heat,"$1,512,601",2019
17,377,JaVale McGee,Los Angeles Lakers,"$1,512,601",2019
18,378,Isaiah Thomas,Denver Nuggets,"$1,512,601",2019
19,379,Jeff Green,Washington Wizards,"$1,512,601",2019
20,380,Kevon Looney,Golden State Warriors,"$1,512,601",2019
21,RK,NAME,TEAM,SALARY,2019
22,381,Jonas Jerebko,Golden State Warriors,"$1,512,601",2019
23,382,Derrick Rose,Minnesota Timberwolves,"$1,512,601",2019
24,383,Christian Wood,Milwaukee Bucks,"$1,512,601",2019
25,384,Jose Calderon,Detroit Pistons,"$1,512,601",2019
26,385,Zaza Pachulia,Detroit Pistons,"$1,512,601",2019
27,386,Gerald Green,Houston Rockets,"$1,512,601",2019
28,387,Noah Vonleh,New York Knicks,"$1,512,601",2019
29,388,Devin Harris,Dallas Mavericks,"$1,512,601",2019
30,389,Channing Frye,Cleveland Cavaliers,"$1,512,601",2019
31,390,Ian Clark,New Orleans Pelicans,"$1,512,601",2019
32,RK,NAME,TEAM,SALARY,2019
33,391,Treveon Graham,Brooklyn Nets,"$1,512,601",2019
34,392,Vince Carter,Atlanta Hawks,"$1,512,601",2019
35,393,Sviatoslav Mykhailiuk,Los Angeles Lakers,"$1,487,694",2019
36,394,Mitchell Robinson,New York Knicks,"$1,485,440",2019
37,395,Dwayne Bacon,Charlotte Hornets,"$1,378,242",2019
38,396,Dakari Johnson,Memphis Grizzlies,"$1,378,242",2019
39,397,Dillon Brooks,Memphis Grizzlies,"$1,378,242",2019
40,398,Tyler Dorsey,Memphis Grizzlies,"$1,378,242",2019
41,399,Jordan Bell,Golden State Warriors,"$1,378,242",2019
42,400,Thomas Bryant,Washington Wizards,"$1,378,242",2019
0,401,Royce O'Neale,Utah Jazz,"$1,378,242",2019
1,402,Abdel Nader,Oklahoma City Thunder,"$1,378,242",2019
2,403,Brandon Paul,San Antonio Spurs,"$1,378,242",2019
3,404,Jawun Evans,Oklahoma City Thunder,"$1,378,242",2019
4,405,Wes Iwundu,Orlando Magic,"$1,378,242",2019
5,406,Khem Birch,Orlando Magic,"$1,378,242",2019
6,407,Damyean Dotson,New York Knicks,"$1,378,242",2019
7,408,Ivan Rabb,Memphis Grizzlies,"$1,378,242",2019
8,409,Jaylen Morris,Milwaukee Bucks,"$1,378,242",2019
9,410,Sterling Brown,Milwaukee Bucks,"$1,378,242",2019
10,RK,NAME,TEAM,SALARY,2019
11,411,Frank Mason III,Sacramento Kings,"$1,378,242",2019
12,412,Rodney Purvis,Miami Heat,"$1,378,242",2019
13,413,David Stockton,Los Angeles Lakers,"$1,378,242",2019
14,414,Ike Anigbogu,Indiana Pacers,"$1,378,242",2019
15,415,Zhou Qi,Houston Rockets,"$1,378,242",2019
16,416,Antonius Cleveland,Dallas Mavericks,"$1,378,242",2019
17,417,Maxi Kleber,Dallas Mavericks,"$1,378,242",2019
18,418,Sindarius Thornwell,LA Clippers,"$1,378,242",2019
19,419,Frank Jackson,New Orleans Pelicans,"$1,378,242",2019
20,420,Semi Ojeleye,Boston Celtics,"$1,378,242",2019
21,RK,NAME,TEAM,SALARY,2019
22,421,Daniel Theis,Boston Celtics,"$1,378,242",2019
23,422,Jabari Bird,Atlanta Hawks,"$1,349,464",2019
24,423,Ben Moore,San Antonio Spurs,"$1,349,383",2019
25,424,Monte Morris,Denver Nuggets,"$1,349,383",2019
26,425,Daniel Hamilton,Atlanta Hawks,"$1,349,383",2019
27,426,Alfonzo McKinnie,Golden State Warriors,"$1,349,383",2019
28,427,Antonio Blakeney,Chicago Bulls,"$1,349,383",2019
29,428,Ryan Arcidiacono,Chicago Bulls,"$1,349,383",2019
30,429,Tyrone Wallace,LA Clippers,"$1,349,383",2019
31,430,Tyson Chandler,Phoenix Suns,"$1,333,140",2019
32,RK,NAME,TEAM,SALARY,2019
33,431,Shaquille Harrison,Chicago Bulls,"$1,311,265",2019
34,432,Elie Okobo,Phoenix Suns,"$1,238,464",2019
35,433,Jalen Brunson,Dallas Mavericks,"$1,230,000",2019
36,434,Okaro White,Washington Wizards,"$1,187,862",2019
37,435,Joakim Noah,Memphis Grizzlies,"$1,093,858",2019
38,436,Melvin Frazier Jr.,Orlando Magic,"$1,050,000",2019
39,437,Nick Young,Denver Nuggets,"$1,042,584",2019
40,438,Isaac Bonga,Los Angeles Lakers,"$1,000,000",2019
41,439,Devonte' Graham,Charlotte Hornets,"$988,464",2019
42,440,De'Anthony Melton,Phoenix Suns,"$949,000",2019
0,441,Ron Baker,Washington Wizards,"$948,580",2019
1,442,Austin Rivers,Washington Wizards,"$922,943",2019
2,443,Chasson Randle,Washington Wizards,"$869,094",2019
3,444,Hamidou Diallo,Oklahoma City Thunder,"$838,464",2019
4,445,Chimezie Metu,San Antonio Spurs,"$838,464",2019
5,446,Gary Trent Jr.,Portland Trail Blazers,"$838,464",2019
6,447,Jevon Carter,Memphis Grizzlies,"$838,464",2019
7,448,Isaiah Briscoe,Orlando Magic,"$838,464",2019
8,449,Jarred Vanderbilt,Denver Nuggets,"$838,464",2019
9,450,Alize Johnson,Indiana Pacers,"$838,464",2019
10,RK,NAME,TEAM,SALARY,2019
11,451,Isaiah Hartenstein,Houston Rockets,"$838,464",2019
12,452,Bruce Brown,Detroit Pistons,"$838,464",2019
13,453,Khyri Thomas,Detroit Pistons,"$838,464",2019
14,454,Keita Bates-Diop,Minnesota Timberwolves,"$838,464",2019
15,455,Ryan Broekhoff,Dallas Mavericks,"$838,464",2019
16,456,Kenrich Williams,New Orleans Pelicans,"$838,464",2019
17,457,Brad Wanamaker,Boston Celtics,"$838,464",2019
18,458,Patrick McCaw,Toronto Raptors,"$777,665",2019
19,459,Kenneth Faried,Brooklyn Nets,"$683,661",2019
20,460,Brandon Goodwin,Denver Nuggets,"$630,032",2019
21,RK,NAME,TEAM,SALARY,2019
22,461,Gary Clark,Houston Rockets,"$596,873",2019
23,462,Bruno Caboclo,Memphis Grizzlies,"$522,151",2019
24,463,Wesley Matthews,New York Knicks,"$512,746",2019
25,464,Salah Mejri,Dallas Mavericks,"$512,746",2019
26,465,Nik Stauskas,Portland Trail Blazers,"$504,200",2019
27,466,Jeremy Lin,Toronto Raptors,"$487,109",2019
28,467,Enes Kanter,Portland Trail Blazers,"$487,109",2019
29,468,John Jenkins,Washington Wizards,"$486,520",2019
30,469,Malcolm Miller,Toronto Raptors,"$457,418",2019
31,470,Chris Boucher,Toronto Raptors,"$457,418",2019
32,RK,NAME,TEAM,SALARY,2019
33,471,Markieff Morris,Washington Wizards,"$427,288",2019
34,472,Henry Ellenson,New York Knicks,"$341,831",2019
35,473,Pau Gasol,San Antonio Spurs,"$333,285",2019
36,474,Andrew Bogut,Golden State Warriors,"$307,648",2019
37,475,Jaylen Adams,Atlanta Hawks,"$270,014",2019
38,476,Danuel House Jr.,Houston Rockets,"$247,827",2019
39,477,Jimmer Fredette,Phoenix Suns,"$208,509",2019
40,478,Tim Frazier,Milwaukee Bucks,"$196,553",2019
41,479,Dairis Bertans,New Orleans Pelicans,"$194,220",2019
42,480,Ray Spalding,Phoenix Suns,"$184,746",2019
